{
  "datasets": {
    "healthcare_csv": "C:\\Users\\AADI\\OneDrive\\Desktop\\1ST YEAR BOOKS\\Healthcare.csv",
    "synthetic_csv": "C:\\Users\\AADI\\OneDrive\\Desktop\\1ST YEAR BOOKS\\synthetic_medical_symptoms_dataset.csv"
  },
  "disease_model": {
    "accuracy": 0.0326,
    "macro_f1": 0.03228957810554402,
    "report": {
      "Allergy": {
        "precision": 0.04145077720207254,
        "recall": 0.046511627906976744,
        "f1-score": 0.043835616438356165,
        "support": 172.0
      },
      "Anemia": {
        "precision": 0.03529411764705882,
        "recall": 0.03680981595092025,
        "f1-score": 0.036036036036036036,
        "support": 163.0
      },
      "Anxiety": {
        "precision": 0.01838235294117647,
        "recall": 0.027472527472527472,
        "f1-score": 0.022026431718061675,
        "support": 182.0
      },
      "Arthritis": {
        "precision": 0.038338658146964855,
        "recall": 0.0670391061452514,
        "f1-score": 0.04878048780487805,
        "support": 179.0
      },
      "Asthma": {
        "precision": 0.031914893617021274,
        "recall": 0.019230769230769232,
        "f1-score": 0.024,
        "support": 156.0
      },
      "Bronchitis": {
        "precision": 0.056962025316455694,
        "recall": 0.05263157894736842,
        "f1-score": 0.0547112462006079,
        "support": 171.0
      },
      "COVID-19": {
        "precision": 0.023255813953488372,
        "recall": 0.023809523809523808,
        "f1-score": 0.023529411764705882,
        "support": 168.0
      },
      "Chronic Kidney Disease": {
        "precision": 0.02877697841726619,
        "recall": 0.024844720496894408,
        "f1-score": 0.02666666666666667,
        "support": 161.0
      },
      "Common Cold": {
        "precision": 0.03636363636363636,
        "recall": 0.037267080745341616,
        "f1-score": 0.03680981595092025,
        "support": 161.0
      },
      "Dementia": {
        "precision": 0.027972027972027972,
        "recall": 0.024242424242424242,
        "f1-score": 0.025974025974025976,
        "support": 165.0
      },
      "Depression": {
        "precision": 0.03333333333333333,
        "recall": 0.03488372093023256,
        "f1-score": 0.03409090909090909,
        "support": 172.0
      },
      "Dermatitis": {
        "precision": 0.013245033112582781,
        "recall": 0.011695906432748537,
        "f1-score": 0.012422360248447204,
        "support": 171.0
      },
      "Diabetes": {
        "precision": 0.017241379310344827,
        "recall": 0.01764705882352941,
        "f1-score": 0.01744186046511628,
        "support": 170.0
      },
      "Epilepsy": {
        "precision": 0.03260869565217391,
        "recall": 0.03614457831325301,
        "f1-score": 0.03428571428571429,
        "support": 166.0
      },
      "Food Poisoning": {
        "precision": 0.02654867256637168,
        "recall": 0.034482758620689655,
        "f1-score": 0.03,
        "support": 174.0
      },
      "Gastritis": {
        "precision": 0.015151515151515152,
        "recall": 0.012422360248447204,
        "f1-score": 0.013651877133105802,
        "support": 161.0
      },
      "Heart Disease": {
        "precision": 0.06349206349206349,
        "recall": 0.049689440993788817,
        "f1-score": 0.05574912891986063,
        "support": 161.0
      },
      "Hypertension": {
        "precision": 0.022598870056497175,
        "recall": 0.024096385542168676,
        "f1-score": 0.023323615160349854,
        "support": 166.0
      },
      "IBS": {
        "precision": 0.045714285714285714,
        "recall": 0.04819277108433735,
        "f1-score": 0.0469208211143695,
        "support": 166.0
      },
      "Influenza": {
        "precision": 0.018518518518518517,
        "recall": 0.012121212121212121,
        "f1-score": 0.014652014652014652,
        "support": 165.0
      },
      "Liver Disease": {
        "precision": 0.016129032258064516,
        "recall": 0.018072289156626505,
        "f1-score": 0.017045454545454544,
        "support": 166.0
      },
      "Migraine": {
        "precision": 0.05851063829787234,
        "recall": 0.06432748538011696,
        "f1-score": 0.06128133704735376,
        "support": 171.0
      },
      "Obesity": {
        "precision": 0.013245033112582781,
        "recall": 0.012195121951219513,
        "f1-score": 0.012698412698412698,
        "support": 164.0
      },
      "Parkinson's": {
        "precision": 0.041666666666666664,
        "recall": 0.04242424242424243,
        "f1-score": 0.042042042042042045,
        "support": 165.0
      },
      "Pneumonia": {
        "precision": 0.016574585635359115,
        "recall": 0.018072289156626505,
        "f1-score": 0.01729106628242075,
        "support": 166.0
      },
      "Sinusitis": {
        "precision": 0.010309278350515464,
        "recall": 0.006289308176100629,
        "f1-score": 0.0078125,
        "support": 159.0
      },
      "Stroke": {
        "precision": 0.06993006993006994,
        "recall": 0.06329113924050633,
        "f1-score": 0.0664451827242525,
        "support": 158.0
      },
      "Thyroid Disorder": {
        "precision": 0.018867924528301886,
        "recall": 0.017543859649122806,
        "f1-score": 0.01818181818181818,
        "support": 171.0
      },
      "Tuberculosis": {
        "precision": 0.07563025210084033,
        "recall": 0.05521472392638037,
        "f1-score": 0.06382978723404255,
        "support": 163.0
      },
      "Ulcer": {
        "precision": 0.038461538461538464,
        "recall": 0.03592814371257485,
        "f1-score": 0.03715170278637771,
        "support": 167.0
      },
      "accuracy": 0.0326,
      "macro avg": {
        "precision": 0.03288295559422221,
        "recall": 0.03248646569439739,
        "f1-score": 0.03228957810554402,
        "support": 5000.0
      },
      "weighted avg": {
        "precision": 0.0327971008192025,
        "recall": 0.0326,
        "f1-score": 0.03229697807225654,
        "support": 5000.0
      }
    }
  },
  "acute_model": {
    "accuracy": 0.27,
    "macro_f1": 0.19281295166687035,
    "report": {
      "COVID-19": {
        "precision": 0.2647058823529412,
        "recall": 0.38028169014084506,
        "f1-score": 0.31213872832369943,
        "support": 142.0
      },
      "Dengue": {
        "precision": 0.24705882352941178,
        "recall": 0.1640625,
        "f1-score": 0.19718309859154928,
        "support": 128.0
      },
      "Influenza": {
        "precision": 0.28135593220338984,
        "recall": 0.5533333333333333,
        "f1-score": 0.37303370786516854,
        "support": 150.0
      },
      "Malaria": {
        "precision": 0.25,
        "recall": 0.021505376344086023,
        "f1-score": 0.039603960396039604,
        "support": 93.0
      },
      "Pneumonia": {
        "precision": 0.25,
        "recall": 0.022988505747126436,
        "f1-score": 0.042105263157894736,
        "support": 87.0
      },
      "accuracy": 0.27,
      "macro avg": {
        "precision": 0.25862412761714854,
        "recall": 0.22843428111307812,
        "f1-score": 0.19281295166687035,
        "support": 600.0
      },
      "weighted avg": {
        "precision": 0.2606919242273181,
        "recall": 0.27,
        "f1-score": 0.22144086405504576,
        "support": 600.0
      }
    }
  }
}